selftext,compound,neg,neu,pos
I don't think anyone is doing this kind of art style and the founder owns a bored ape. Check it for yourself and thank me later.  I don't think anyone is doing this kind of art style and the founder owns a bored ape. Check it for yourself and thank me later.  dis cord.gg/gguyrEfk,0.2023,0.076,0.833,0.091
Im selling the web domain [https://crypto.photo](https://crypto.photo)  Let me know what its worth to you,0.2263,0.0,0.872,0.128
Any resale price predictions on the adidas into the metaverse drop tomorrow?,-0.2732,0.16,0.84,0.0
8888 NFTs  Designers from LV and Warner Bros  300k+ members  https://preview.redd.it/l0jukvfoyea81.png?width=400&amp;format=png&amp;auto=webp&amp;s=e6dc4fc10867805a7bd32cb1de015f3caa0f6571    Link to join in comment!,0.3595,0.0,0.858,0.142
It‚Äôs the Athletic Tiger Club. It has plans for a social media app for NFTs. But I‚Äôve never seen something like that before.,-0.395,0.113,0.887,0.0
There is a possible fishing attack or something happening on OpenSea.  See link and be safe   See their tweet.  [https://twitter.com/opensea/status/1495211277097996290?ref\_src=twsrc%5Egoogle%7Ctwcamp%5Eserp%7Ctwgr%5Etweet](https://twitter.com/opensea/status/1495211277097996290?ref_src=twsrc%5Egoogle%7Ctwcamp%5Eserp%7Ctwgr%5Etweet),-0.1431,0.148,0.728,0.124
"No offense or anything but like, why do people buy nfts",0.2846,0.216,0.557,0.226
" From now on, you can trade your NFTs with million of users in the world-class [\#NFT](https://twitter.com/hashtag/NFT?src=hashtag_click) trading platform!    Just simple steps to sell/ buy your NFTs.     Please follow the instruction on this video:   [https://t.me/souniio\_channel/239](https://t.me/souniio_channel/239)",0.3802,0.0,0.927,0.073
"I believe that the Bored Ape Kennel Club dogs will have a higher value than the bored apes because there are only 9600 of them. The bored apes number 20,000 and the mutant bored apes number 20,000 and there is a game coming up.  On the game board there are paw prints which lead me to believe that the dogs have a utility in the game. Therefore all 40,000 apes will need a dog where there are only 9600 dogs ( a very limited supply). This tells me that economies of scale will come into play as the game commences. Right now a dog is only 7.4 ETH. Let us see...",-0.4927,0.095,0.839,0.066
BadCarrotNFT have dropped a Limited Edition NFT in a very limited number exclusively for the Safemoon Army over on ExploreNFT &amp; on Hodooi üöÄüöÄüöÄ   Safely To The Moon !!   You can buy it direct with Safemoon V2 via ExploreNFT üëÄ   https://explorenft.app/explore/listings/ckz8yu9294285080mukqva0qdtu,0.3114,0.094,0.782,0.123
"It is a limited edition, collectible, closed set collection of artworks, released in 6 series. The series with more pieces cost more per piece.     [https://opensea.io/collection/4corners](https://opensea.io/collection/4corners)",-0.2263,0.079,0.921,0.0
"Join our Disc (link in bio)  ""Ask Michelle Anything"" channel where our founder Michelle McCormack answers questions about fashion, travel, crypto, and more!  https://preview.redd.it/u2w39fwfy3b81.jpg?width=1242&amp;format=pjpg&amp;auto=webp&amp;s=31b2ed0bb92d8a18260abc9eec1925d2d7238186",0.3595,0.0,0.902,0.098
     *Processing video st62g3elqki81...*  On the occasion of the opening of the whitelists relating to this new project that sees as protagonists a large Italian company that is about to distribute its NFTs of the Cool Duck Premium Club project.   The Pre-Minting will take place on the 28th of this month and will be open exclusively to whitelists.   Go immediately and take a look at the website where you will find the roadmap and the project.   Website: https://www.coolduckpremiumclub.com/,0.3182,0.0,0.97,0.03
"   So if you have 100 items within a collection and you want all of them to be the same price, is there a way to bulk list all of them prices at once and not doing each one 1 by 1?",0.0772,0.0,0.966,0.034
"I told my sister to investigate about NFT and motivate her get on board because she like photography and she is a gr√°fico designer.  Well, she star and crack on with the NFT world. No so long ago. She send me a txt with her first NFT and she called it ‚ÄúFuck The Universe‚Äù. The NFT is on Rarible‚Ä¶   So I went there to have a look at the NFT and I did notice that she put a lot of work on her ART üñº, I would like to know what do you think guys but I can tell you now that she have some serious mental problems ü§îü§îü§îü§£ü§£ü§£",-0.1901,0.062,0.874,0.064
"  [ ](https://preview.redd.it/f585nrdq7vb81.png?width=427&amp;format=png&amp;auto=webp&amp;s=a0e2e8b4cdb5f29740be5b026e68ee8550d9d6d9)  ""dancing through the night"" #01/01-22  There is a vitality, a life force, energy, a quickening that is translated through you into action, and because there is only one of you in all time, this expression is unique. And if you block it, it will never exist through any other medium and will be lost.",-0.2023,0.09,0.833,0.076
My ETH and newly minted NFT were stolen out of my wallet. Any angels out there know how to help? I've only put my phrase into Metamask. I have no idea how they got in.,-0.4019,0.138,0.793,0.069
"NFTs have taken over the gaming and art space by storm, and there's no sign of fading as we head in 2022. Whether you believe they're a speculative trend or a brand-new opportunity for various artists, NFTs continue to make space in the headlines when they trade for millions of dollars. ¬†    But what is the hype around NFTs?  Check this out to understand NFT investing in detail. [https://www.zenesys.com/blog/nft-investing-the-everything-guide](https://www.zenesys.com/blog/nft-investing-the-everything-guide)    https://preview.redd.it/b558kgh08op81.jpg?width=1000&amp;format=pjpg&amp;auto=webp&amp;s=6fd852d9dca350205d584af98e8002e06b1f5970",0.2168,0.023,0.927,0.05
" üëâ  SolSeekers NFT üëà      The NFT space can be scary place. It is dangerous to go alone!     Join our community of Seekers as we navigate through this new and exciting world to identify scams and hidden gems alike!      https://i.redd.it/vs5wgiu6m1k81.gif  \- Identify, review, and rate new NFT projects with crowd sourcing    \- Rank NFT projects with thousands of members - Find hidden gems before anyone else    \- Avoid rug-pulls and poor projects    \- Help build the NFT version of Yelp    \- Early access to new project reviews and insights   \- Earn passive income from subscription fees   Website: [https://solseekers.io/](https://solseekers.io/)   Twitter: [https://twitter.com/SolSeekersNFT](https://twitter.com/SolSeekersNFT)",-0.8436,0.158,0.755,0.087
"Hi, I am a photographer and I want to upload my first NFT artworks on Foundation, but how am I able to join the platform?   I saw there is an upvote needed and it has been tweeted, however, my Twitter is not a strong fanbase for upvotes. I have a rarible account but the market there is more on digital art, I kind of feel left alone there without seeing any other creator who made pictures with their camera :(    https://rarible.com/grimmeandrew",-0.7878,0.122,0.829,0.049
"Recently someone gifted me Core membership to DeviantArt, and they now have a feature, where it notifies you when someone steals your art and attempts to sell it as an NFT‚Ä¶ and it‚Äôs happening all the time. Sometimes the listings have been taken down by the time I get to checking my notifications, sometimes I take action. The thing is that I get notified now, as the theft happens. If it has happened before, there‚Äôs no way of me knowing. All this makes me feel so gross, I can‚Äôt begin to explain.   My question is, do you guys a way I can search for my own stuff on NFT markets. Using the names of the artworks doesn‚Äôt help much, because they‚Äôre usually named something else by the thieves. Anything besides google reverse image search?  Thank you.",-0.822,0.091,0.872,0.037
What do you think a good price would be for this bad boy?   https://preview.redd.it/5alemtb9ica81.png?width=512&amp;format=png&amp;auto=webp&amp;s=f1641f250991583b45c05c8e9104d205288b14dc,-0.3788,0.244,0.598,0.158
"How important is this really? Assuming opensea/rarible?   I've heard its very important for your stuff to be seen &amp; that without a following you're wasting gas fees, but also have heard if you have something that stands out its basically irrelevant. Not really sure what to believe.",-0.1777,0.056,0.848,0.097
im on rarible please have a look guys and rate my work  link 1st comment,0.3182,0.0,0.85,0.15
https://opensea.io/assets/matic/0x2953399124f0cbb46d2cbacd8a89cf0599974963/24793023044260881793210513660774773407681498239802659117326644744891498768144/    help spread the charity campaign to raise funds for victims of the war like NFT,0.2023,0.246,0.437,0.317
i'm new to this. i am having trouble understanding it.,-0.4019,0.252,0.748,0.0
What do you think of this exclusive one of one NFT of Buckingham Palace?   https://opensea.io/assets/0x495f947276749ce646f68ac8c248420045cb7b5e/47551375693021681602748908763349820600450766043424641132039523238160009003009,0.1593,0.0,0.896,0.104
I want to make an nft using doge  how would I do this,0.0772,0.0,0.885,0.115
Destructo Dragons will be available 2/15/2022 at a price of 0.03 eth. For more information and updates on the project please visit [twitter.com/Frankdeezy95](https://twitter.com/Frankdeezy95) or check out what has been uploaded so far at [opensea.io/collection/destructo-dragons](https://opensea.io/collection/destructo-dragons)     https://preview.redd.it/kgl37mkp5xd81.png?width=1000&amp;format=png&amp;auto=webp&amp;s=386eb7b648ef71930f4922f38346d8753323487d,0.3182,0.0,0.935,0.065
Bargain basement for these new NFTs released today.    [https://opensea.io/collection/clarencecatinthecityofcolor](https://opensea.io/collection/clarencecatinthecityofcolor),0.2023,0.0,0.816,0.184
"Hy guys, Im relatively new in the space and im very intrested in Projects that are like Genesis Congz, who yield daily returns.   Now after reading through some stuff I found this article that said it would be very very bad for those Projects if the SEC will consider those NFT securities, what does this mean and why is it bad?  Thank you in advance!",-0.4998,0.113,0.791,0.096
" Hi guys, PostOwls are online on opensea. Don't forget to check out the full collection.",0.1695,0.0,0.894,0.106
"Cx86-cyborg just scammed a lot of folks with a fake raffle on dis cord, bots, locked chat rooms, and an excuse that their emailer wasn‚Äôt working because of too many people. Be weary folks because it was insanely easy for these people to steal almost 4 million in ethereum in just s few minutes.",-0.6369,0.146,0.781,0.073
I honestly feel lost at this point. How do you all keep your head up with not getting any recognition for your work?,0.1779,0.091,0.791,0.119
I have never done crypto or anything like that so what do I have to do to start selling?,0.3612,0.0,0.865,0.135
"I‚Äôm new to NFTs and I am thinking of purchasing some NFTs on Hicetnunc,   Would I only be able to sell them on the XTZ blockchain ? Could I reuse them on other blockchains such as ETH or MATC ? Or send them to my MetaMask wallet ?  Sorry if this is a stupid question I‚Äôm new to this",-0.6416,0.095,0.905,0.0
Let's Discuss NFTs Projects   just UPVOTE and DROP your COLLECTION here than members (also me) will replay to your collection giving advices and thoughts   Mine 2nd comment üëáüèº,-0.1111,0.091,0.832,0.077
"    https://preview.redd.it/nza4ph2nhfi81.jpg?width=1080&amp;format=pjpg&amp;auto=webp&amp;s=c526a649842de98d038a1ec984f066cd54dc2f80    Choose life. Choose a blockchain. Choose a wallet. Choose a nickname. Choose a fucking pfp.     Choose SuperRare, Foundation, Rarible, and OpenSea. Choose Twitter, Disc0rd, and Telegram.     Choose WGMI. Choose Web3. Choose DeFi. Choose DAO.     Choose to mint. Choose to burn. Choose to bid.     Choose your friends. Choose to say GM and wonder who the fuck you are every morning.    Choose to stare at that screen reading those mind-numbing tweets,     Spirit-crushing talks about what‚Äôs crypto art,     Stuffing fucking junk .JPGs into your brain.   Choose to rot away at the end of every single scroll,     Pissing your last while you are lost in a miserable metaverse,     A fantasyland for fucked-up brat avatars you have spawned to replace yourselves.     Choose NFT. Choose your future. Choose life.    [https://teia.art/objkt/672241](https://teia.art/objkt/672241)",-0.8225,0.091,0.885,0.024
maybe from people who have had it or just in general i would like to know,0.3612,0.0,0.848,0.152
"Been thinking about the NFT game, but a big complaint I hear is ‚Äú It‚Äôs not tangible, there nothing there to show myuh ‚Äú D:   But the idea of selling NFT and a signed &amp; framed drawing, just sounds like it would defeat that whole thought.   Is this dumb?",-0.7152,0.208,0.669,0.123
"I would like to list my artwork online and let people to buy them as NFTs. I have seen different options such as listing them on marketplaces such as OpenSea and I have seen people that also have their websites, that let people Mint their NFTs from there. What I don't understand is what is the difference between the two options and why people choose to go with the one way or the other. Furthermore, I have seen websites with a general ""Mint"" button that do not have any context of the art work that the buyer will really mint. How does it work as to me it seems that the OpenSea option could be much more appropriate since the buyer sees what he is buying.",0.3612,0.0,0.979,0.021
"I have a problem for which no one has a solution, no one can see my work on the market, and I did everything right. It can only be seen on the market if the name of my collection is typed. How do I fix that?",-0.5859,0.153,0.797,0.05
  https://preview.redd.it/j6q1n27ngpf81.png?width=1714&amp;format=png&amp;auto=webp&amp;s=0d11143ab9a898de249d52fed950c9d868b9e9ce  This NFT is the first so called backed NFT. The artist says after 3 years if the NFT is not valued higher then what you paid for it. He will buy it back for the same amount you paid for it.   [https://opensea.io/assets/matic/0x2953399124f0cbb46d2cbacd8a89cf0599974963/22687923111335529885046074547883012973384119566395261319099010627498181394433](https://opensea.io/assets/matic/0x2953399124f0cbb46d2cbacd8a89cf0599974963/22687923111335529885046074547883012973384119566395261319099010627498181394433),-0.2565,0.055,0.914,0.031
"üéâüéâ#cuteHuskies üòçLIVE Minting‚õèÔ∏è Happening Right Now,  üëáüëáüëá here: https://cutehuskiesclub.netlify.app/ Your NFTs will appear on your Wallet &amp; on the Opensea Collection of the CuteHuskies Club.   -0.33Matic each -10000 NFTs limited by code with ERC721 contract. - On the Polygon Network.",-0.2263,0.048,0.952,0.0
"I know this sub is full of images, are there any other cool uses for NFT right now?",0.3182,0.0,0.874,0.126
"Hey guys,  A project is practically done and we already have a Twitter account with several hundred followers. Looking to collaborate with entrepreneur/NFT wizard who knows how to make a project successful. We are just 3D artists and we are struggling with the promotion and business side of the project.",0.25,0.054,0.872,0.074
"So assuming I made a set of NFT's and wanted to sell them in a gattcha type way, can that be done?  Say a set with common, uncommon, &amp; rare ones. I'd like the buyer to get, say a 3 set of random ntf's from the collection.",0.3612,0.0,0.941,0.059
"The series can be found on OpenSea &gt;&gt; [here](https://opensea.io/collection/kids-will-be-kids) &lt;&lt;     Let me know what you think about the series!   \*\*\* KIDS WILL BE KIDS ARTIST STATEMENT \*\*\*   Childhood can be a minefield.  Don't play in the street. Don‚Äôt drink poison. Don‚Äôt play with fire. Don‚Äôt stick things in electrical outlets; and, don‚Äôt stick anything bigger than your elbow in your ear. These are just a few word of wisdom everyone has heard while navigating adolescence.  With SO many rules, written and unwritten, most days you were lucky you survived.  KIDS WILL BE KIDS examines the intersection of childhood and impending apocalyptic disaster where one set of rules is replaced with another. In a disaster setting, no matter your age, your city, race or culture, you become that child again ‚Äì learning the new rules of your transformed society and struggling to survive from day to day.  If you are a ‚Äúquick change artist‚Äù and adapt to your surroundings, not only can you survive but your chances increase to write, or even re-write, the rules that govern all.   \*\*\*\*\*\*  **Card Style Note**: The core image of each card is based on a vintage alphabet card from the Czech Republic. The card was then stripped of any writing, cleaned up, enlarged and then glitched and pixel sorted using processes written by Reddit user u/teasel.",-0.6283,0.08,0.866,0.054
I just want to hear your opinion)  *Processing img 8s6d7arx75k81...*,0.0772,0.0,0.86,0.14
"I am not paying more than 100 bucks to start my ETH wallet.  Does anyone think the price will drop to this level.   And what is the best time to get the lowest gas fees.  Right now, I have seen it fluctuate between 100 and 550 dollars.    This is for opening the initial ETH Meta Mask wallet.    I don't think there is anyone around the initial fee?",0.128,0.067,0.873,0.06
" Contemporary art combined with the psychology of reality is embodied in the genre of works ""Crazy Cat Art"" The maximum collection will reach 10,000 NFT works by the author",-0.3182,0.079,0.885,0.036
"Very new to this. If I have one and I want to try to sell it, where should I go?",0.0772,0.0,0.925,0.075
"Reminder!!  We\`re sorry for the inconvenient everyone due to its technical issues üì∑ We make sure that it will not happen again we will continue our trivia,   Looking forward to next Thursday! (10th of February) See yah!",-0.3753,0.121,0.822,0.057
" Having a hard time with the **rising transaction fees** on this CRYPTO?  It's time for you to check out **METRIA NETWORK!!!**  Worry no more everyone as this blockchain protocol will get rid of all your problem with crypto!!! The Metria chain will be created with DeFi and NFT applications in mind, in order to provide a single-platform solution that can be used in conjunction with existing blockchain protocols.  **Don't waste your time looking for projects that are not long-term capable. VISIT METRIA NETWORK and be one of the future millionaire!!!!**",-0.7114,0.127,0.807,0.067
 I'm with The Pirates of the Metaverse team and we are running a reddit special for our mint.  Anyone who mints though this link: [https://piratesnfts.io/](https://piratesnfts.io/) will get to mint up to 10 at PRE SALE PRICE.  Note: To get the special pricing use the link here on reddit. Otherwise you will pay public price. This is only for 50 NFTs so act fast.  Remember to only click official links and beware of scams.,0.0516,0.066,0.865,0.069
Is a gas fee avoidable? Don‚Äôt want to pay $80 for a $18 transaction?,-0.1179,0.135,0.766,0.1
[https://opensea.io/collection/hanicraft-collection](https://opensea.io/collection/hanicraft-collection)  thats bullshit someone sale something for 2 eth   im selling something more beautiful for only 2 or 3 dollars and no one buys it  why any tips you guys can give me,-0.204,0.161,0.726,0.113
" Story of Crocodile Ghetto  The year is 2040 and the world is now quite arid as a result of climate change. The crocodiles, who had to leave their habitats on this planet, which is getting worse and worse, started to infiltrate human communities and live in their own ghettos. The goals of these crocodiles are to save the planet from irreversible environmental disasters and fight for nature. If you want to help them in this sacred mission, join their ghetto and start fighting for the planet.  [https://opensea.io/collection/crocodileghetto](https://opensea.io/collection/crocodileghetto)",-0.8176,0.175,0.733,0.092
"Dart Fener Q BOT now on auction on binance marketplace starting at 2 BNB, no reserve  (nb: Floor price on nftb is 5 bnb!!!)  Check the links!!  [https://www.binance.com/en/nft/goods/detail?productId=25771792&amp;isProduct=1](https://www.binance.com/en/nft/goods/detail?productId=25771792&amp;isProduct=1)  [https://nftb.io/collection/dot-q-bots/](https://nftb.io/collection/dot-q-bots/)",-0.5759,0.13,0.87,0.0
 what if Jesus had appeared during prehistory? well this NFT is the first of a collection of 100 prehistoric NFTs,0.2732,0.0,0.896,0.104
"Hello, some people like reading, some like sports, as for me I like to mint NFTs everyday. It's something I find therapeutic in a beautifully bizarre way. I have two main collections I mint every single day:  1) daily sounds, yes as the name implies a new sound every single day. (have been minting for the past   83 days) I messed up day 73, because apparently if 100% of your collection is on polygon and you accidently mint on eth, ON the same collection! you don't get a warning,  but yeah I still take the blame on this one.  2) notes for millennia, a note a day that I've been minting for the past 110 days  I'm not making this up, [https://opensea.io/collection/notesformillennia](https://opensea.io/collection/notesformillennia)   So when opensea released their 50 item limit per collection I was unable to add items to both collections effectively destroying both collections.   As you can see here it says 13 hours ago instead of 1 day ago, I was asleep when opensea reversed their decision on the 50 item limit. meaning day 110 was minted after 00:00 GMT (all other NFTs were minted on a daily basis) the only silver lining is, day 110 was minted before midnight in NYC so I could follow that as my day definition, I'd still need to check if all the nfts were minted before NYC midnight which I'm not 100% sure of but it's likely as I usually mint when I get home from work.    https://preview.redd.it/jwks1ozrkge81.png?width=1894&amp;format=png&amp;auto=webp&amp;s=c758db6a9a03cdf82c602899a905e2be4c6fbd4c  Notes: Yes, I understand I should mint from contracts, I plan on doing so with the second volume which might be after day 365  I don't know if I want to keep minting anymore, I mean I probably will, but this has caused a severe mental blow to my momentum",0.2344,0.063,0.864,0.073
1st NFT Drop!!  [https://opensea.io/collection/davekoenigart](https://opensea.io/collection/davekoenigart)  Take a look and let us know what you think.   https://preview.redd.it/gzz8s8ia0bf81.jpg?width=3024&amp;format=pjpg&amp;auto=webp&amp;s=dc9e6dd6ce8e6d4dd1c503cbd3b245865782dc2f,-0.3987,0.171,0.829,0.0
Seeing some .08 ETH NFT‚Äôs saying to get an additional.12 ETH for gas. That seems crazy to me. Am I missing something or are ETH gas fees just that high? Still new to all this.,-0.5574,0.126,0.874,0.0
"Looking for NFT Marketing managers, ready to build hype in server and Twitter, you will receive a % of the Mint, and be paid depending on your contributions.",0.3612,0.0,0.909,0.091
"Hi, I have 2 Polygon NFTs and I would like to bridge them to main ETH.  I have read some posts about bridge.mintnft.today but I don‚Äôt know how to use it, it says assertion failed.  Anyone knows how to do it?",-0.5719,0.111,0.846,0.044
I don't really understand how this technology is supposed to work. How is NFT art different than any other commissioned art? Once a file hits the internet you've basically lost control of who has access to it and how many copies are made. I just don't understand the explosion in the market for them and could use an explanation from someone who understands it.,-0.3182,0.037,0.963,0.0
"Hello People!   I'm about to release my first 10k NFT collection. I really want to get some constructive criticism about these little guys on the GIF.   I'm planning to add more hats, more eye accessories, and neck accessories.  What else should I consider?    Thanks for your time.    [300 Axolotl GIF](https://i.redd.it/bfx5wdovzfi81.gif)",0.2228,0.055,0.854,0.091
"Hi so I‚Äôve been trying to create my first NFT, but when it comes to actually creating it. It keeps coming up saying ‚ÄúQuickTime Videos are not supported, please convert into mp4‚Äù Now believe me I have tried ALOT of different websites and converted my video into mp4 and GIF. But everytime I change the video to the new mp4 or gif it still won‚Äôt work? If anyone has had the same problem or knows how to solve this please let me know as it‚Äôs driving me crazy",-0.8141,0.142,0.792,0.066
"DIGI GAMES NFT    DigiGames NFTs are a collection of uniquely designed game carts in a retro video game style on the Polygon block-chain. Each trait is a work of art, compiled using an algorithm to create distinctive NFTs. The initial release of NFTs will be game cartridges in the NES style. Our art and future development of other cartridges and systems will be forged by our community DAO of NFT holders. You can visit use at our white paper Or reach us through the link to know more...",0.296,0.0,0.963,0.037
"Bought a Pak‚Äôs Merge m(3) to compliment my lonely m(1), thinking they'd merge into a m(4)... but the m(1) simply exited my wallet and the m(3) is sadly still an m(3).  So confused!",-0.7953,0.239,0.707,0.054
Anyone know what a dev typically charges for building a website with NFT minting capability?,-0.2732,0.149,0.851,0.0
"New project from MAYC and BAYC, you won't want to miss this! Let me know if you want to join the server.",0.3595,0.1,0.738,0.161
[https://www.youtube.com/watch?v=vNIh19IQiBw&amp;t=650s](https://www.youtube.com/watch?v=vNIh19IQiBw&amp;t=650s)  You will find all you need in youtube link.  This is a crypto game open world develpted on elrond blockchain. Has the private sale this month. DOn t miss the chance.,0.1926,0.05,0.876,0.074
" eBrotaci is a new collection of 10.000 NFT. You may wonder what ‚Äúbrotac‚Äù means, so I‚Äôm here to explain it for you. ‚ÄúBrotac‚Äù is a romanian word that means frog.  Our main mission is to donate 15% from the total amount of sales to NGOs (ONG), from Romania and abroad, that fights for environment, women rights etc. In the long run, we‚Äôre looking to sign partnerships with more NGOs, we want to get involved in as many humanitarian causes as we can.",-0.2815,0.033,0.948,0.019
Hey so I‚Äôm new to NFTs and really have no idea how to buy them or how they work. I have opensea and Coinbase wallet but how do you actually purchase an NFT,-0.1875,0.053,0.947,0.0
"Hi guys, I've been trading crypto for a while now, and have been following smart contracts ever since they were announced as a feature for Ethereum. However, something regarding recent developments with NFTs has been bothering me, mainly regarding the current image problem NFTs are facing, and I'd like a serious discussion about this, because I believe that the technology as a whole is facing a major risk of most people being permanently turned off by the mere mention of the word ""NFT"".  Inherently, from a computer science perspective, theres absolutely nothing wrong with NFTs. They are an important function of smart contracts that could be used as a means of decentralized transferrable ownership contracts... BUT....  What everyone (outside of this sub and others communities like this one) actually hates (warranted or unwarranted) is the most common implementation: selling JPG art for exorbitant sums of crypto. What should've been sidelined as gag after the proof-of-concept stage with CryptoKitties (no one complained about those, I'm just saying) became a sprawling ecosystem of extremely similar projects with everyone trying to cash in. I mean, ffs, these were supposed to be linked to smart contracts controlling ownership of real world items, people running their own stores, car rental/dealerships, real estate companies, banks, governments, etc, with no middlemen, no VISA/Paypal breathing down your neck the second you do something the Epsteins of the world don't like, you could set up a functioning economy connected to global infrastructure in third world countries with minimal setup. You even have this as the header for this sub, where are all of those projects? Why don't I see those types of projects being advertised heavily, yet I get a person in my DMs every single day telling me to mint BAYC version 937374929? I know this is ""early days, fast forward a few years and you'll see it"" but isn't it time already? When was that rule written, a few years ago? What's going on, devs?  Blockchain technology was supposed to put the collective power of the internet back in the hands of the many, but so far I have not seen this be the case, just more people selling for fiat instead of buying items for crypto outright. Selling for fiat should be done just to interact with the outdated government tax system at this point. For how long will this be tolerated? Hyper-inflation, corporate tyranny colluding with our government, massive corporations getting bailouts while small businesses are squeezed out, all this could be solved if we stop using a fiat banking currency, if we stop using centralized platforms and go back to the days of the wild west. Yes, it is more dangerous at first, because the surface of blockchain isn't fully built yet. But what's the most dangerous thing is if we continue on our current path while the foundation of our society crumbles under the surface of fiat infrastructure.   JPG NFTs are supposed to be proof of concepts. May we overcome this obsession upon our collective psyche, get out of our comfort zones, and climb out of the hellpit that is fractional reserve lending so that we can all be like kings in the new era, with no corporate authority telling us what we can or can't do within existing laws.  Anyway, that's been my rant. Sorry if I broke any rules or if this has been posted a million times but I just had to get this off my chest. If you have any real-world NFT projects you'd like to shill to me and everyone else, please do so in the comments below.",-0.9451,0.081,0.864,0.055
 Hi everyone! My Sad Series 1 is still available for grabs! Thank you for those who bought my other Spacemen!    Here is the link: [https://ab2.gallery/address/34TZLWQ7PIDIBMHCZ5OKGEK4VVSEHZFWPY3GWYYTOZVNA76QVKXQGEDUWQ](https://ab2.gallery/address/34TZLWQ7PIDIBMHCZ5OKGEK4VVSEHZFWPY3GWYYTOZVNA76QVKXQGEDUWQ)      https://preview.redd.it/c30u8wyaha981.png?width=1920&amp;format=png&amp;auto=webp&amp;s=93bc1854bea5c4b582fda32be44ce1b5dae6e88f  https://preview.redd.it/bs9s00zaha981.png?width=1920&amp;format=png&amp;auto=webp&amp;s=c6432a16eea03c97a2b0dbd71f87d8f12427a9a0  https://preview.redd.it/vsg9a9zaha981.png?width=1920&amp;format=png&amp;auto=webp&amp;s=c55a33e8c0c89ebf140e2915e8b0798726fa96c8,-0.4617,0.141,0.781,0.078
" If you want to buy some NFTs at low price, here my collection: [https://opensea.io/collection/tucano-s-gang](https://opensea.io/collection/tucano-s-gang)",-0.2023,0.136,0.779,0.084
Check out SHIBA INU ASCII COLLECTION LIMITED (black) NFT! https://crypto.com/nft/collection/af02f7cbfd1dd1378f04c1524ce2cfd9?asset=2279855723f6d8789c334f217e9e6556&amp;edition=1cc34dd7c643f6a9cc9c574896cd9896&amp;detail-page=MARKETPLACE,-0.4451,0.245,0.755,0.0
   A smile that makes your day  [https://opensea.io/assets/matic/0x2953399124f0cbb46d2cbacd8a89cf0599974963/2058990634916527989372377302816501310852798882074479221895862147274258776065/](https://opensea.io/assets/matic/0x2953399124f0cbb46d2cbacd8a89cf0599974963/2058990634916527989372377302816501310852798882074479221895862147274258776065/),0.3612,0.0,0.667,0.333
"Hi all,  I've been using Hashlips' Art Generator- it is fantastic.  But when I make my collection, the price is automatically set to 0.005 and the blockchain is Polygon.  Any ideas how to change this? I dont see any options in the config.js file for it.",0.3182,0.0,0.949,0.051
The name of account is QuarantiNFT. I only made a few pieces during the Covid illness that forced me to bed. now fortunately it's all over and I decided to publish them. I chose this channel to make my first post and I would like your opinion. Thanks,-0.0772,0.114,0.778,0.108
I work in the environment services business. All hazardous waste requires labeling and tracking using a manifest that must be signed by trained personnel. Waste manifest needs to be retained at least 5 years. I feel this would be a great use case for NFTs.  -Assign drum a waste NFT ID (included on label) -Only person with valid permissions can interact with NFT (ie up to date training) -When drum changes hands NFT ID label is scanned and ownership is digitally transferred creating an on-chain ‚Äúchain of custody‚Äù -Results in real-time tracking of package and permanent record of custody transfer  You could even program a transaction to occur once waste is received by final person (ie disposal).  Any thoughts?,-0.5859,0.091,0.85,0.06
"Is it possible (and okay practice) to sell the same photo on stock market (or anywhere else) and also sell it as NFT?  What I want to do is to sell photos as NFTs (only 1 NFT per photo), but still have the right to sell copies of it elsewhere.   Idea is that only I and NFT holder have the rights on selling and distributing the photos for commercial purposes.  Not sure if there are any legal things to consider (?)",-0.1162,0.03,0.912,0.058
"The Ego Death Collection consists of only 10 NFT's (1 original audio track and 1 unique cover). Produced by me, a 20 year old producer from South Africa. I will never be making these again.",-0.3818,0.108,0.829,0.064
Just let me knoww...I have only found one like this,0.3612,0.0,0.783,0.217
Take Part of Everything   Join the disc community:  c436EaVp6c       https://preview.redd.it/77nhzuz3k0f81.png?width=960&amp;format=png&amp;auto=webp&amp;s=48f479b796e894e00af207730411a6e8f9bc4bce,0.296,0.0,0.804,0.196
I will make you a custom nft/collection for you. Message me what you want and we can discuss price.,0.0772,0.0,0.925,0.075
"Hi everyone, when budget limited, do NFT project teams use patreon or some kind of community platform to help grow their project?",0.2023,0.077,0.813,0.11
"Ngl, Nft's are kinds useless, at least at this point in time.",-0.4215,0.203,0.797,0.0
 We will be giving a personalized Ox for the profile picture to the first 100 members of the group of dcord.     https://i.redd.it/wa7r42a1qp681.gif,0.34,0.0,0.893,0.107
100% Original and Unique Art by New Artist. 1 of 1 - No editions or royalties. Just need to get started.  https://preview.redd.it/uko0vzqa7fo81.jpg?width=1080&amp;format=pjpg&amp;auto=webp&amp;s=4abe1d5ba023b0b93c2a8fbd5b655cdab93a1f48,0.0258,0.102,0.791,0.107
"Hey there,   Please don't think of this message as spam, I just thought ill reach out to tell you about this new project BEHYPE, its fairly new and you'll love it cause its very early!  There's no harm in checking it out so give it a shot",-0.6067,0.202,0.665,0.133
"Made an nft collection generator on c#. I guess, there's no need to  explain what does every field for, human kind should have enough IQ.  Antivirus checks, more info and .exe file on my github: [https://github.com/micegan/NftCollectionGenerator-exe](https://github.com/micegan/NftCollectionGenerator-exe)  Yeah, the GUI is not beautiful, but whatever.",0.0328,0.079,0.839,0.082
Some other designers want to give there opinion?  [View Poll](https://www.reddit.com/poll/si0ust),0.0772,0.0,0.874,0.126
" Hey guys, I was just wondering what people thought about my new NFT project I started 48 hours ago...  The  Devi Team is currently focused on the NFT¬†collection itself, but in the  upcoming future, we will work towards the project becoming a game and a  token-backed system.  It's a collectible voxel figurine toy collection based on an underworld theme.  https://preview.redd.it/4vqbuc2i7pa81.png?width=1920&amp;format=png&amp;auto=webp&amp;s=634ff31c0958fbb7c2cc42a40c025ae947fe6651    https://i.redd.it/uswodmli7pa81.gif    https://preview.redd.it/ltnwebfj7pa81.png?width=1024&amp;format=png&amp;auto=webp&amp;s=17c907f8010d7c4715394689dd84231ad4d00679",0.2869,0.0,0.963,0.037
 A bored ghost living in the ethereum universe. The Bored Ghost #3  10/10 Ghost for only 0.02 ETH!    https://i.redd.it/og8dpxz43ah81.gif,-0.8553,0.467,0.533,0.0
  [this Dead Skull Girl is now listed on opensea.io\/deadskullgirlnft](https://preview.redd.it/xx5k3t1jn2l81.png?width=2000&amp;format=png&amp;auto=webp&amp;s=f685ddacd5651f1e07383a3f7a8970ff547a7fde),-0.6486,0.35,0.65,0.0
This new project is heavily supported by millionaire Kevin O'Leary and it is going to go crazy! At least join and check it out (message me for the link),0.3382,0.072,0.783,0.144
"Drop wallet  Bad Apes Bitch Club is a collection of 6000 beautifully crafted BABZ NFTs inspired by the most legendary, sexiest, baddest bitches of our culture.Each one of these baddies is unique.Their beauty, style, and personalities make them the envy of every female ape in the metaverse.  Check us out @    https://preview.redd.it/j9th0lt2ndk81.png?width=1080&amp;format=png&amp;auto=webp&amp;s=fc26e08becf064da912c8bfb042f09c93ac7913c  https://preview.redd.it/ayyvdit2ndk81.png?width=1206&amp;format=png&amp;auto=webp&amp;s=ad9a09926c2cf2e5f9eee270a9f991c1a44c06c7  https://preview.redd.it/u917wjt2ndk81.png?width=1300&amp;format=png&amp;auto=webp&amp;s=6eedf8344aba08af412c318b1b9e615d701f98e8",-0.6416,0.226,0.623,0.151
"TIP - New Promisor and CHEAP NFT COLLECTION Get your own guys,hope yall check.  Link in Comments!  [View Poll](https://www.reddit.com/poll/t1os03)",0.3164,0.0,0.881,0.119
Hey #NFTCommmunity The time of the samurai being over they are bo Bored ü•±  My #NFTCollection  cards start üíô  \#037 ERUPTING #fuji CITY / SURFER SIGNATURE #kimono„Å°„ÇÉ„Çì    üëëSIGNATUREüëë(only 2)  50 $ETH  [https://opensea.io/assets/0x495f947276749ce646f68ac8c248420045cb7b5e/68523279084178420909502709419188548848319278027001281773983062398503118438401](https://opensea.io/assets/0x495f947276749ce646f68ac8c248420045cb7b5e/68523279084178420909502709419188548848319278027001281773983062398503118438401)  \#ETH  #OpenSeaNFT #NFT #NFTs #NFTProject #NFTdrop  https://i.redd.it/3yhi6z0730k81.gif,-0.2732,0.057,0.943,0.0
" NEW DROP! This turned out to be a unique experience. I don't care if I sell one. This needed to come out. Stuff is getting very real for me, Enjoy!     Be sure to read the descriptions within the art.     *Processing img iyxqm19uzoc81...*",0.1588,0.117,0.752,0.131
"[https://thepathfinders.io/](https://thepathfinders.io/)   I bought 2, maybe they thought I was a bot? Not sure what happened but kind of annoyed I might lose my investment. Any thoughts? Can anyone clarify?",-0.8559,0.3,0.7,0.0
"I was lurking on opensea to buy some nfts and saw a collection where there are 16k items but only 3k people own them. How does it work, and why can i only buy nfts from other people and not the collection itself?",-0.0644,0.031,0.969,0.0
"Collection named Faces Of Freya(FOF) encourages girls, who prefer to hide their emotions and feelings from people, that don't be afraid of anyone and never hide feelings because the world would be nothing without women.  collection link: [https://opensea.io/collection/faces-of-freya](https://opensea.io/collection/faces-of-freya)",0.128,0.082,0.847,0.07
"Just curious as to why so many young people my age are doing something that, from what I understand, is EXTREMELY harmful for the environment and mostly pretty worthless. Explain it to me like I‚Äôm 3: Is ANY of this worth the negative impacts??? Is the money your making really worth the cost it has on others?? I‚Äôm trying not to sound harsh but I don‚Äôt see why gen z should do any of this shit.",-0.701,0.119,0.749,0.132
"NFT is ideal for artists trying to make a living from their work, but that whole market has been kidnapped by greedy traders of bad outdated drawings, pixelated or not.  And then you even have to watermark your work, otherwise some poor sod will steel it to make a buck for himself. It's a shame and a sham.    https://preview.redd.it/t4z3rly0too81.png?width=638&amp;format=png&amp;auto=webp&amp;s=7f8a102e9343fd10d162bcea1ce71a7c3021eca3",-0.9413,0.235,0.733,0.032
"I understand the idea. But I‚Äôm having trouble placing bids. I wanted to put 50 on something but gas prices were like $28 so I was only able to get $12 in WETH. now I found a nft. But it says I can‚Äôt bid cause it needs to be the minimum bid of, for example 25 WETH. But I see others making small bids all the time??",-0.168,0.06,0.89,0.05
"https://i.imgur.com/GhbyqAJ.jpg  Ether or Tails is a cheap mint, low gas and 0 royalties NFT collection. We‚Äôll build a portal of money games, including gambling, lotteries and betting. Our initial game will be the coin flipping Ether or Tails (Heads or Tails), where it‚Äôs double your money or nothing!  WEBSITE : https://www.etherortails.com  TWITTER : https://twitter.com/etherortailsNFT",-0.3382,0.047,0.953,0.0
This guy wants to donate 30% of the nft sales from his collections to sick children and orphanages!   ‚≠êÔ∏è let's help! Opensea.io/cryptobleah,-0.2924,0.146,0.752,0.102
"Full video: [https://youtu.be/6M6ybQhY3UQ](https://youtu.be/6M6ybQhY3UQ)   Tweet thread: [https://twitter.com/defibae/status/1506739938888347648](https://twitter.com/defibae/status/1506739938888347648)   TLDR: Some bayc founders deny the leaked 90 page yuga labs deck....but there are some speculation-worthy screenshots. I think it'd be reckless to bet against Yuga at this point, esp with the $apedrop and ""Otherside"" teaser.  At this point, Yuga prly gonna beat CB to launch their own marketplace since their ecosystem has given OS over $70M in profits from secondary royalties.     Now.    Any further leaks on Trial of Jimmy, Mecha Apes and Dogs? How big do you think Yuga will get?",-0.7059,0.103,0.866,0.031
 **Meet Battle Baby Jerry!**    See Qor Baby Jerry's delivery details  in the comments     *Processing video 6x5ollb0w2e81...*,-0.4389,0.162,0.838,0.0
